nome_produto,preco_formatado,link_produto
Mesas com 6 cadeiras 160 x 80cm         ,"R$ 1.300,00",https://se.olx.com.br/sergipe/moveis/mesas/mesas-com-6-cadeiras-160-x-80cm-1421574608
Aluguel de mesas e cadeiras para eventos,"R$ 15,00",https://pb.olx.com.br/paraiba/moveis/mesas/aluguel-de-mesas-e-cadeiras-para-eventos-1403719416
"Mesas/Baias/Divisoria para atendimento, estudo","R$ 500,00",https://es.olx.com.br/norte-do-espirito-santo/moveis/mesas/mesas-baias-divisoria-para-atendimento-estudo-1420635620
MESAS - 50 UNIDADES                     ,"R$ 6.500,00",https://pe.olx.com.br/grande-recife/moveis/mesas/mesas-50-unidades-1423906345
Mesa de Centro - Conjunto com 2 mesas - Tampo de vidro,"R$ 1.200,00",https://pa.olx.com.br/regiao-de-belem/moveis/mesas/mesa-de-centro-conjunto-com-2-mesas-tampo-de-vidro-1424234916
Mesas de escritório amadeiradas         ,"R$ 2.000,00",https://rj.olx.com.br/rio-de-janeiro-e-regiao/moveis/mesas/mesas-de-escritorio-amadeiradas-1424234890
Mesas de madeira para diversos ambientes,"R$ 150,00",https://sp.olx.com.br/grande-campinas/moveis/mesas/mesas-de-madeira-para-diversos-ambientes-1406893230
"Mesas em L sem gaveta direto dá fábrica,e aqui na perfil móveis","R$ 400,00",https://go.olx.com.br/grande-goiania-e-anapolis/moveis/mesas/mesas-em-l-sem-gaveta-direto-da-fabrica-e-aqui-na-perfil-moveis-1332580667
Mesas e cadeiras de plástico empilháveis,"R$ 300,00",https://rj.olx.com.br/rio-de-janeiro-e-regiao/moveis/mesas/mesas-e-cadeiras-de-plastico-empilhaveis-1424223062
"Mesas de Madeira Maciça - Cascata, Pranchão, Curvada, Redonda","R$ 0,00",https://go.olx.com.br/grande-goiania-e-anapolis/moveis/mesas/mesas-de-madeira-macica-cascata-pranchao-curvada-redonda-1295758808
"Mesa Cascata, Mesa Deck, Mesas de Madeira Maciça","R$ 0,00",https://go.olx.com.br/grande-goiania-e-anapolis/moveis/mesas/mesa-cascata-mesa-deck-mesas-de-madeira-macica-1303050496
Mesas de Escritório com Gaveteiro       ,"R$ 180,00",https://sp.olx.com.br/sao-paulo-e-regiao/moveis/mesas/mesas-de-escritorio-com-gaveteiro-1424221499
Mesas de jantar 4 cadeiras novas pronta entrega,"R$ 550,00",https://ce.olx.com.br/fortaleza-e-regiao/moveis/mesas/mesas-de-jantar-4-cadeiras-novas-pronta-entrega-1424217498
Mesas de recepção com 5 compartimentos  ,"R$ 1.000,00",https://pa.olx.com.br/regiao-de-belem/moveis/mesas/mesas-de-recepcao-com-5-compartimentos-1424199945
"Mesas ( vendendo a unidade) Uso doméstico ( sala de jantar , cozinha, área de lazer.","R$ 350,00",https://pi.olx.com.br/regiao-de-teresina-e-parnaiba/moveis/mesas/mesas-vendendo-a-unidade-uso-domestico-sala-de-jantar-cozinha-area-de-lazer-1424196329
Aluguel mesas / cadeiras dobráveis de madeira,"R$ 2,00",https://ce.olx.com.br/fortaleza-e-regiao/moveis/mesas/aluguel-mesas-cadeiras-dobraveis-de-madeira-1424175751
Mesas de escritório para montagem       ,"R$ 1.000,00",https://rj.olx.com.br/rio-de-janeiro-e-regiao/moveis/mesas/mesas-de-escritorio-para-montagem-1406174696
Mesas para artesanato                   ,"R$ 250,00",https://mg.olx.com.br/belo-horizonte-e-regiao/moveis/mesas/mesas-para-artesanato-1424170573
Mesas dobráveis Budweiser para eventos  ,"R$ 250,00",https://mg.olx.com.br/belo-horizonte-e-regiao/moveis/mesas/mesas-dobraveis-budweiser-para-eventos-1424164633
Mesas de escritório                     ,"R$ 1.200,00",https://ms.olx.com.br/mato-grosso-do-sul/moveis/mesas/mesas-de-escritorio-1424164021
"Vendo Mesas de plástico desmontável grande 6 lugares, novas","R$ 350,00",https://rr.olx.com.br/roraima/moveis/mesas/vendo-mesas-de-plastico-desmontavel-grande-6-lugares-novas-1424160466
Mesas de Escritório Modelo industrial Madeira,"R$ 1.400,00",https://ba.olx.com.br/regiao-de-feira-de-santana-e-alagoinhas/moveis/mesas/mesas-de-escritorio-modelo-industrial-madeira-1389709897
Mesas de cabeceira em madeira           ,"R$ 400,00",https://es.olx.com.br/norte-do-espirito-santo/moveis/mesas/mesas-de-cabeceira-em-madeira-1424154391
Mesas de jantar                         ,"R$ 0,00",https://am.olx.com.br/regiao-de-manaus/moveis/mesas/mesas-de-jantar-1274245336
Mesas Leia o anúncio                    ,"R$ 100,00",https://am.olx.com.br/regiao-de-manaus/moveis/mesas/mesas-leia-o-anuncio-1424108224
MESAS DE VIDRO TEMPERADO                ,"R$ 0,00",https://ce.olx.com.br/fortaleza-e-regiao/moveis/mesas/mesas-de-vidro-temperado-1338956044
Mesas laterais em madeira               ,"R$ 390,00",https://sp.olx.com.br/sao-paulo-e-regiao/moveis/mesas/mesas-laterais-em-madeira-1394793620
Duas mesas escolares com cadeiras       ,"R$ 350,00",https://al.olx.com.br/alagoas/moveis/mesas/duas-mesas-escolares-com-cadeiras-1424100873
Mesas de reuniões e janta               ,"R$ 1.100,00",https://am.olx.com.br/regiao-de-manaus/moveis/mesas/mesas-de-reunioes-e-janta-1316759109
mesas novas 8 cadeiras direto da fábrica- entregamos na sua casa-parcelamos nos cartões,"R$ 1.400,00",https://mg.olx.com.br/belo-horizonte-e-regiao/moveis/mesas/mesas-novas-8-cadeiras-direto-da-fabrica-entregamos-na-sua-casa-parcelamos-nos-cartoes-1210787631
PROMOÇÃO MESAS COM CADEIRAS 2XX DJ 4R- ENTREGA GRÁTIS DJ ASZ,"R$ 160,00",https://ce.olx.com.br/fortaleza-e-regiao/moveis/mesas/promocao-mesas-com-cadeiras-2xx-dj-4r-entrega-gratis-dj-asz-1415025461
Mesas Laterais Redondas - Design Moderno,"R$ 70,00",https://se.olx.com.br/sergipe/moveis/mesas/mesas-laterais-redondas-design-moderno-1415089166
Mesas e cadeiras de plástico            ,"R$ 150,00",https://go.olx.com.br/grande-goiania-e-anapolis/moveis/mesas/mesas-e-cadeiras-de-plastico-1424075980
Mesas Industriais inox - Ótima Qualidade!,"R$ 380,00",https://ce.olx.com.br/fortaleza-e-regiao/moveis/mesas/mesas-industriais-inox-otima-qualidade-1407320307
Mesas de jantares sem vidro             ,"R$ 500,00",https://ma.olx.com.br/regiao-de-sao-luis/moveis/mesas/mesas-de-jantares-sem-vidro-1424071977
Mesas de madeira com estrutura de ferro ,"R$ 400,00",https://se.olx.com.br/sergipe/moveis/mesas/mesas-de-madeira-com-estrutura-de-ferro-1424049870
Mesas de Vidro e Madeira                ,"R$ 400,00",https://se.olx.com.br/sergipe/moveis/mesas/mesas-de-vidro-e-madeira-1424048937
Mesas de madeira com estrutura metálica ,"R$ 400,00",https://se.olx.com.br/sergipe/moveis/mesas/mesas-de-madeira-com-estrutura-metalica-1424047535
Mesas de madeira com estrutura de metal ,"R$ 400,00",https://se.olx.com.br/sergipe/moveis/mesas/mesas-de-madeira-com-estrutura-de-metal-1424047407
Mesas de madeira com estrutura metálica ,"R$ 350,00",https://se.olx.com.br/sergipe/moveis/mesas/mesas-de-madeira-com-estrutura-metalica-1424047239
Mesas de centro                         ,"R$ 2.000,00",https://se.olx.com.br/sergipe/moveis/mesas/mesas-de-centro-1424034287
Mesas dobráveis de Paraju               ,"R$ 380,00",https://mg.olx.com.br/belo-horizonte-e-regiao/moveis/mesas/mesas-dobraveis-de-paraju-1424032295
Mesas de Canto Clássica em Madeira      ,"R$ 300,00",https://rj.olx.com.br/rio-de-janeiro-e-regiao/moveis/mesas/mesas-de-canto-classica-em-madeira-1424031227
Mesas  cadeiras de fábrica              ,"R$ 799,00",https://pr.olx.com.br/regiao-de-curitiba-e-paranagua/moveis/mesas/mesas-cadeiras-de-fabrica-1324526891
Mesas de Canto com Tampo de Vidro       ,"R$ 1.100,00",https://sp.olx.com.br/sao-paulo-e-regiao/moveis/mesas/mesas-de-canto-com-tampo-de-vidro-1424027403
Mesas de canto com tampo de vidro       ,"R$ 150,00",https://sp.olx.com.br/grande-campinas/moveis/mesas/mesas-de-canto-com-tampo-de-vidro-1424026465
mesas novas sextavadas 4 cadeiras direto da fábrica-entregamos em casa-parcelamos cartões,"R$ 550,00",https://mg.olx.com.br/belo-horizonte-e-regiao/moveis/mesas/mesas-novas-sextavadas-4-cadeiras-direto-da-fabrica-entregamos-em-casa-parcelamos-cartoes-1210786088
Mesas para máquinas de costura de todos os modelos,"R$ 300,00",https://ce.olx.com.br/fortaleza-e-regiao/moveis/mesas/mesas-para-maquinas-de-costura-de-todos-os-modelos-1424016912
Mesa de jantar +kits com 2 mesas de apoio,"R$ 350,00",https://rs.olx.com.br/regioes-de-porto-alegre-torres-e-santa-cruz-do-sul/moveis/mesas/mesa-de-jantar-kits-com-2-mesas-de-apoio-1407658418
Mesas de cabeceira modernas             ,"R$ 200,00",https://sp.olx.com.br/vale-do-paraiba-e-litoral-norte/moveis/mesas/mesas-de-cabeceira-modernas-1424000394
Mesas de Aço Resistentes e Duráveis Mesas de inox,"R$ 380,00",https://ce.olx.com.br/fortaleza-e-regiao/moveis/mesas/mesas-de-aco-resistentes-e-duraveis-mesas-de-inox-1423998494
duas mesas tipo restaurante             ,"R$ 199,00",https://rj.olx.com.br/rio-de-janeiro-e-regiao/moveis/mesas/duas-mesas-tipo-restaurante-1340346143
Mesas de Canto/Apoio Design Moderno - Par,"R$ 380,00",https://sc.olx.com.br/florianopolis-e-regiao/moveis/mesas/mesas-de-canto-apoio-design-moderno-par-1423988776
"MESAS INFANTIS DOBRÁVEIS - BRANCAS (50,00 CADA)","R$ 50,00",https://rj.olx.com.br/norte-do-estado-do-rio/moveis/mesas/mesas-infantis-dobraveis-brancas-50-00-cada-1423983465
